{
  "__inputs": [
    {
      "name": "DS_INFLUXDB",
      "label": "InfluxDB",
      "description": "",
      "type": "datasource",
      "pluginId": "influxdb",
      "pluginName": "InfluxDB"
    }
  ],
  "__requires": [
    {
      "type": "grafana",
      "id": "grafana",
      "name": "Grafana",
      "version": "7.3.5"
    },
    {
      "type": "panel",
      "id": "graph",
      "name": "Graph",
      "version": ""
    },
    {
      "type": "datasource",
      "id": "influxdb",
      "name": "InfluxDB",
      "version": "1.0.0"
    },
    {
      "type": "panel",
      "id": "stat",
      "name": "Stat",
      "version": ""
    }
  ],
  "annotations": {
    "list": [
      {
        "builtIn": 1,
        "datasource": "-- Grafana --",
        "enable": true,
        "hide": true,
        "iconColor": "rgba(0, 211, 255, 1)",
        "name": "Annotations & Alerts",
        "type": "dashboard"
      }
    ]
  },
  "description": "VMware vSphere Dashboard using the new Telegraf plugin (Grafana 7)",
  "editable": true,
  "gnetId": 8165,
  "graphTooltip": 0,
  "id": null,
  "iteration": 1612637223596,
  "links": [
    {
      "asDropdown": true,
      "icon": "external link",
      "includeVars": true,
      "keepTime": true,
      "tags": [
        "vSphere Telegraf"
      ],
      "targetBlank": true,
      "title": "More Dashboards",
      "type": "dashboards"
    }
  ],
  "panels": [
    {
      "collapsed": false,
      "datasource": "DS_INFLUXDB",
      "gridPos": {
        "h": 1,
        "w": 24,
        "x": 0,
        "y": 0
      },
      "id": 76,
      "panels": [],
      "repeat": "esxi",
      "title": "$esxi",
      "type": "row"
    },
    {
      "cacheTimeout": null,
      "datasource": "DS_INFLUXDB",
      "fieldConfig": {
        "defaults": {
          "custom": {},
          "decimals": 1,
          "mappings": [
            {
              "id": 0,
              "op": "=",
              "text": "N/A",
              "type": 1,
              "value": "null"
            }
          ],
          "nullValueMode": "connected",
          "thresholds": {
            "mode": "absolute",
            "steps": [
              {
                "color": "#d44a3a",
                "value": null
              },
              {
                "color": "rgba(237, 129, 40, 0.89)",
                "value": 0.001
              },
              {
                "color": "#1F60C4",
                "value": 0.002
              }
            ]
          },
          "unit": "s"
        },
        "overrides": [
          {
            "matcher": {
              "id": "byName",
              "options": "CPU Usage MHz"
            },
            "properties": [
              {
                "id": "unit",
                "value": "none"
              },
              {
                "id": "decimals",
                "value": 0
              }
            ]
          },
          {
            "matcher": {
              "id": "byName",
              "options": "RAM Usage"
            },
            "properties": [
              {
                "id": "unit",
                "value": "deckbytes"
              },
              {
                "id": "decimals",
                "value": 2
              }
            ]
          },
          {
            "matcher": {
              "id": "byName",
              "options": "CPU Usage %"
            },
            "properties": [
              {
                "id": "unit",
                "value": "percent"
              },
              {
                "id": "thresholds",
                "value": {
                  "mode": "absolute",
                  "steps": [
                    {
                      "color": "green",
                      "value": null
                    },
                    {
                      "color": "dark-yellow",
                      "value": 75
                    },
                    {
                      "color": "dark-red",
                      "value": 90
                    }
                  ]
                }
              },
              {
                "id": "decimals",
                "value": 2
              }
            ]
          },
          {
            "matcher": {
              "id": "byName",
              "options": "RAM Usage %"
            },
            "properties": [
              {
                "id": "unit",
                "value": "percent"
              },
              {
                "id": "thresholds",
                "value": {
                  "mode": "absolute",
                  "steps": [
                    {
                      "color": "green",
                      "value": null
                    },
                    {
                      "color": "dark-yellow",
                      "value": 75
                    },
                    {
                      "color": "dark-red",
                      "value": 90
                    }
                  ]
                }
              },
              {
                "id": "decimals",
                "value": 2
              }
            ]
          }
        ]
      },
      "gridPos": {
        "h": 7,
        "w": 6,
        "x": 0,
        "y": 1
      },
      "id": 28,
      "interval": null,
      "links": [],
      "maxDataPoints": 100,
      "options": {
        "colorMode": "background",
        "fieldOptions": {
          "calcs": [
            "mean"
          ]
        },
        "graphMode": "none",
        "justifyMode": "auto",
        "orientation": "auto",
        "reduceOptions": {
          "calcs": [
            "lastNotNull"
          ],
          "fields": "",
          "values": false
        },
        "textMode": "auto"
      },
      "pluginVersion": "7.3.5",
      "targets": [
        {
          "alias": "Uptime",
          "groupBy": [
            {
              "params": [
                "$__interval"
              ],
              "type": "time"
            },
            {
              "params": [
                "null"
              ],
              "type": "fill"
            }
          ],
          "measurement": "vsphere_host_sys",
          "orderByTime": "ASC",
          "policy": "default",
          "refId": "A",
          "resultFormat": "time_series",
          "select": [
            [
              {
                "params": [
                  "uptime_latest"
                ],
                "type": "field"
              },
              {
                "params": [],
                "type": "last"
              }
            ]
          ],
          "tags": [
            {
              "key": "esxhostname",
              "operator": "=~",
              "value": "/^$esxi$/"
            }
          ]
        },
        {
          "alias": "CPU Usage MHz",
          "groupBy": [
            {
              "params": [
                "$__interval"
              ],
              "type": "time"
            },
            {
              "params": [
                "null"
              ],
              "type": "fill"
            }
          ],
          "measurement": "vsphere_host_cpu",
          "orderByTime": "ASC",
          "policy": "default",
          "refId": "B",
          "resultFormat": "time_series",
          "select": [
            [
              {
                "params": [
                  "usagemhz_average"
                ],
                "type": "field"
              },
              {
                "params": [],
                "type": "last"
              }
            ]
          ],
          "tags": [
            {
              "key": "esxhostname",
              "operator": "=~",
              "value": "/^$esxi$/"
            }
          ]
        },
        {
          "alias": "RAM Usage",
          "groupBy": [
            {
              "params": [
                "$__interval"
              ],
              "type": "time"
            },
            {
              "params": [
                "null"
              ],
              "type": "fill"
            }
          ],
          "measurement": "vsphere_host_mem",
          "orderByTime": "ASC",
          "policy": "default",
          "query": "SELECT last(\"totalCapacity_average\") * (last(\"usage_average\")) / 100 * 1024 FROM \"vsphere_host_mem\" WHERE (\"esxhostname\" =~ /^$esxi$/) AND $timeFilter GROUP BY time($__interval) fill(none)",
          "rawQuery": true,
          "refId": "C",
          "resultFormat": "time_series",
          "select": [
            [
              {
                "params": [
                  "active_average"
                ],
                "type": "field"
              },
              {
                "params": [],
                "type": "last"
              }
            ]
          ],
          "tags": [
            {
              "key": "esxhostname",
              "operator": "=~",
              "value": "/^$esxi$/"
            }
          ]
        },
        {
          "alias": "CPU Usage %",
          "groupBy": [
            {
              "params": [
                "$__interval"
              ],
              "type": "time"
            },
            {
              "params": [
                "null"
              ],
              "type": "fill"
            }
          ],
          "measurement": "vsphere_host_cpu",
          "orderByTime": "ASC",
          "policy": "default",
          "refId": "E",
          "resultFormat": "time_series",
          "select": [
            [
              {
                "params": [
                  "usage_average"
                ],
                "type": "field"
              },
              {
                "params": [],
                "type": "last"
              }
            ]
          ],
          "tags": [
            {
              "key": "esxhostname",
              "operator": "=~",
              "value": "/^$esxi$/"
            }
          ]
        },
        {
          "alias": "RAM Usage %",
          "groupBy": [
            {
              "params": [
                "$__interval"
              ],
              "type": "time"
            },
            {
              "params": [
                "null"
              ],
              "type": "fill"
            }
          ],
          "measurement": "vsphere_host_mem",
          "orderByTime": "ASC",
          "policy": "default",
          "refId": "D",
          "resultFormat": "time_series",
          "select": [
            [
              {
                "params": [
                  "usage_average"
                ],
                "type": "field"
              },
              {
                "params": [],
                "type": "last"
              }
            ]
          ],
          "tags": [
            {
              "key": "esxhostname",
              "operator": "=~",
              "value": "/^$esxi$/"
            }
          ]
        }
      ],
      "title": "ESXi VM Quick Overview",
      "type": "stat"
    },
    {
      "aliasColors": {},
      "bars": false,
      "dashLength": 10,
      "dashes": false,
      "datasource": "DS_INFLUXDB",
      "description": "CPU usage as a percentage during the interval.",
      "fieldConfig": {
        "defaults": {
          "custom": {},
          "links": []
        },
        "overrides": []
      },
      "fill": 8,
      "fillGradient": 7,
      "gridPos": {
        "h": 7,
        "w": 7,
        "x": 6,
        "y": 1
      },
      "hiddenSeries": false,
      "id": 93,
      "legend": {
        "alignAsTable": false,
        "avg": false,
        "current": false,
        "hideEmpty": true,
        "hideZero": true,
        "max": false,
        "min": false,
        "rightSide": false,
        "show": false,
        "total": false,
        "values": false
      },
      "lines": true,
      "linewidth": 3,
      "links": [],
      "nullPointMode": "null",
      "options": {
        "alertThreshold": true
      },
      "paceLength": 10,
      "percentage": false,
      "pluginVersion": "7.3.5",
      "pointradius": 5,
      "points": false,
      "renderer": "flot",
      "seriesOverrides": [],
      "spaceLength": 10,
      "stack": false,
      "steppedLine": false,
      "targets": [
        {
          "alias": "CPU usage % $tag_cpu",
          "groupBy": [
            {
              "params": [
                "$inter"
              ],
              "type": "time"
            },
            {
              "params": [
                "cpu"
              ],
              "type": "tag"
            },
            {
              "params": [
                "none"
              ],
              "type": "fill"
            }
          ],
          "measurement": "vsphere_host_cpu",
          "orderByTime": "ASC",
          "policy": "default",
          "refId": "A",
          "resultFormat": "time_series",
          "select": [
            [
              {
                "params": [
                  "usage_average"
                ],
                "type": "field"
              },
              {
                "params": [],
                "type": "last"
              }
            ]
          ],
          "tags": [
            {
              "key": "esxhostname",
              "operator": "=~",
              "value": "/^$esxi$/"
            }
          ]
        }
      ],
      "thresholds": [],
      "timeFrom": null,
      "timeRegions": [],
      "timeShift": null,
      "title": "CPU Utilization Avg %",
      "tooltip": {
        "shared": true,
        "sort": 2,
        "value_type": "individual"
      },
      "type": "graph",
      "xaxis": {
        "buckets": null,
        "mode": "time",
        "name": null,
        "show": true,
        "values": []
      },
      "yaxes": [
        {
          "$$hashKey": "object:676",
          "decimals": null,
          "format": "percent",
          "label": "CPU Utilization %",
          "logBase": 1,
          "max": "100",
          "min": null,
          "show": true
        },
        {
          "$$hashKey": "object:677",
          "format": "short",
          "label": null,
          "logBase": 1,
          "max": null,
          "min": null,
          "show": false
        }
      ],
      "yaxis": {
        "align": false,
        "alignLevel": null
      }
    },
    {
      "aliasColors": {},
      "bars": false,
      "dashLength": 10,
      "dashes": false,
      "datasource": "DS_INFLUXDB",
      "fieldConfig": {
        "defaults": {
          "custom": {},
          "links": []
        },
        "overrides": []
      },
      "fill": 1,
      "fillGradient": 0,
      "gridPos": {
        "h": 7,
        "w": 6,
        "x": 13,
        "y": 1
      },
      "hiddenSeries": false,
      "id": 97,
      "legend": {
        "alignAsTable": false,
        "avg": false,
        "current": false,
        "max": false,
        "min": false,
        "rightSide": false,
        "show": true,
        "total": false,
        "values": false
      },
      "lines": true,
      "linewidth": 2,
      "links": [],
      "nullPointMode": "null",
      "options": {
        "alertThreshold": true
      },
      "paceLength": 10,
      "percentage": false,
      "pluginVersion": "7.3.5",
      "pointradius": 5,
      "points": false,
      "renderer": "flot",
      "seriesOverrides": [
        {
          "$$hashKey": "object:815",
          "alias": "RAM usage %",
          "color": "rgb(133, 177, 236)"
        }
      ],
      "spaceLength": 10,
      "stack": false,
      "steppedLine": false,
      "targets": [
        {
          "alias": "RAM usage %",
          "groupBy": [
            {
              "params": [
                "$inter"
              ],
              "type": "time"
            },
            {
              "params": [
                "none"
              ],
              "type": "fill"
            }
          ],
          "measurement": "vsphere_host_mem",
          "orderByTime": "ASC",
          "policy": "default",
          "refId": "B",
          "resultFormat": "time_series",
          "select": [
            [
              {
                "params": [
                  "usage_average"
                ],
                "type": "field"
              },
              {
                "params": [],
                "type": "last"
              }
            ]
          ],
          "tags": [
            {
              "key": "esxhostname",
              "operator": "=~",
              "value": "/^$esxi$/"
            }
          ]
        }
      ],
      "thresholds": [],
      "timeFrom": null,
      "timeRegions": [],
      "timeShift": null,
      "title": "RAM Utilization",
      "tooltip": {
        "shared": true,
        "sort": 0,
        "value_type": "individual"
      },
      "type": "graph",
      "xaxis": {
        "buckets": null,
        "mode": "time",
        "name": null,
        "show": true,
        "values": []
      },
      "yaxes": [
        {
          "$$hashKey": "object:263",
          "decimals": 1,
          "format": "percent",
          "label": "RAM Usage in %",
          "logBase": 1,
          "max": "100",
          "min": null,
          "show": true
        },
        {
          "$$hashKey": "object:264",
          "format": "percent",
          "label": "",
          "logBase": 1,
          "max": "100",
          "min": null,
          "show": false
        }
      ],
      "yaxis": {
        "align": false,
        "alignLevel": null
      }
    },
    {
      "aliasColors": {},
      "bars": false,
      "dashLength": 10,
      "dashes": false,
      "datasource": "DS_INFLUXDB",
      "description": "Time that the virtual machine was ready, but could not get scheduled to run on the physical CPU during last measurement interval.",
      "fieldConfig": {
        "defaults": {
          "custom": {},
          "links": []
        },
        "overrides": []
      },
      "fill": 1,
      "fillGradient": 0,
      "gridPos": {
        "h": 7,
        "w": 5,
        "x": 19,
        "y": 1
      },
      "hiddenSeries": false,
      "id": 106,
      "legend": {
        "alignAsTable": false,
        "avg": false,
        "current": false,
        "max": false,
        "min": false,
        "rightSide": false,
        "show": false,
        "total": false,
        "values": false
      },
      "lines": true,
      "linewidth": 2,
      "links": [],
      "nullPointMode": "null",
      "options": {
        "alertThreshold": true
      },
      "paceLength": 10,
      "percentage": false,
      "pluginVersion": "7.3.5",
      "pointradius": 5,
      "points": false,
      "renderer": "flot",
      "seriesOverrides": [
        {
          "$$hashKey": "object:944",
          "alias": "CPU Ready",
          "color": "#C4162A"
        }
      ],
      "spaceLength": 10,
      "stack": false,
      "steppedLine": false,
      "targets": [
        {
          "alias": "CPU Ready",
          "groupBy": [
            {
              "params": [
                "$inter"
              ],
              "type": "time"
            },
            {
              "params": [
                "none"
              ],
              "type": "fill"
            }
          ],
          "measurement": "vsphere_host_cpu",
          "orderByTime": "ASC",
          "policy": "default",
          "refId": "A",
          "resultFormat": "time_series",
          "select": [
            [
              {
                "params": [
                  "ready_summation"
                ],
                "type": "field"
              },
              {
                "params": [],
                "type": "last"
              }
            ]
          ],
          "tags": [
            {
              "key": "esxhostname",
              "operator": "=~",
              "value": "/^$esxi$/"
            }
          ]
        }
      ],
      "thresholds": [],
      "timeFrom": null,
      "timeRegions": [],
      "timeShift": null,
      "title": "CPU Ready in miliseconds",
      "tooltip": {
        "shared": true,
        "sort": 0,
        "value_type": "individual"
      },
      "type": "graph",
      "xaxis": {
        "buckets": null,
        "mode": "time",
        "name": null,
        "show": true,
        "values": []
      },
      "yaxes": [
        {
          "$$hashKey": "object:928",
          "format": "none",
          "label": "ms",
          "logBase": 1,
          "max": null,
          "min": null,
          "show": true
        },
        {
          "$$hashKey": "object:929",
          "format": "short",
          "label": null,
          "logBase": 1,
          "max": null,
          "min": null,
          "show": true
        }
      ],
      "yaxis": {
        "align": false,
        "alignLevel": null
      }
    },
    {
      "aliasColors": {},
      "bars": false,
      "dashLength": 10,
      "dashes": false,
      "datasource": "DS_INFLUXDB",
      "decimals": null,
      "description": "Network utilization (combined transmit-rates and receive-rates) during the interval.",
      "fieldConfig": {
        "defaults": {
          "custom": {},
          "links": []
        },
        "overrides": []
      },
      "fill": 5,
      "fillGradient": 0,
      "gridPos": {
        "h": 6,
        "w": 13,
        "x": 0,
        "y": 8
      },
      "hiddenSeries": false,
      "id": 107,
      "legend": {
        "alignAsTable": true,
        "avg": false,
        "current": true,
        "hideEmpty": true,
        "hideZero": true,
        "max": true,
        "min": true,
        "rightSide": true,
        "show": true,
        "total": false,
        "values": true
      },
      "lines": true,
      "linewidth": 2,
      "links": [],
      "nullPointMode": "null",
      "options": {
        "alertThreshold": true
      },
      "paceLength": 10,
      "percentage": false,
      "pluginVersion": "7.3.5",
      "pointradius": 5,
      "points": false,
      "renderer": "flot",
      "seriesOverrides": [],
      "spaceLength": 10,
      "stack": false,
      "steppedLine": false,
      "targets": [
        {
          "alias": "$tag_interface bytesRx",
          "groupBy": [
            {
              "params": [
                "$inter"
              ],
              "type": "time"
            },
            {
              "params": [
                "interface"
              ],
              "type": "tag"
            },
            {
              "params": [
                "none"
              ],
              "type": "fill"
            }
          ],
          "measurement": "vsphere_host_net",
          "orderByTime": "ASC",
          "policy": "default",
          "refId": "A",
          "resultFormat": "time_series",
          "select": [
            [
              {
                "params": [
                  "bytesRx_average"
                ],
                "type": "field"
              },
              {
                "params": [],
                "type": "last"
              }
            ]
          ],
          "tags": [
            {
              "key": "esxhostname",
              "operator": "=~",
              "value": "/^$esxi$/"
            }
          ]
        },
        {
          "alias": "$tag_interface bytesTx",
          "groupBy": [
            {
              "params": [
                "$inter"
              ],
              "type": "time"
            },
            {
              "params": [
                "interface"
              ],
              "type": "tag"
            },
            {
              "params": [
                "none"
              ],
              "type": "fill"
            }
          ],
          "measurement": "vsphere_host_net",
          "orderByTime": "ASC",
          "policy": "default",
          "refId": "B",
          "resultFormat": "time_series",
          "select": [
            [
              {
                "params": [
                  "bytesTx_average"
                ],
                "type": "field"
              },
              {
                "params": [],
                "type": "last"
              }
            ]
          ],
          "tags": [
            {
              "key": "esxhostname",
              "operator": "=~",
              "value": "/^$esxi$/"
            }
          ]
        }
      ],
      "thresholds": [],
      "timeFrom": null,
      "timeRegions": [],
      "timeShift": null,
      "title": "Network Usage",
      "tooltip": {
        "shared": true,
        "sort": 0,
        "value_type": "individual"
      },
      "type": "graph",
      "xaxis": {
        "buckets": null,
        "mode": "time",
        "name": null,
        "show": true,
        "values": []
      },
      "yaxes": [
        {
          "$$hashKey": "object:594",
          "format": "KBs",
          "label": "Network Usage",
          "logBase": 1,
          "max": null,
          "min": null,
          "show": true
        },
        {
          "$$hashKey": "object:595",
          "format": "short",
          "label": null,
          "logBase": 1,
          "max": null,
          "min": null,
          "show": true
        }
      ],
      "yaxis": {
        "align": false,
        "alignLevel": null
      }
    },
    {
      "aliasColors": {},
      "bars": false,
      "dashLength": 10,
      "dashes": false,
      "datasource": "DS_INFLUXDB",
      "description": "The average time a read, or write, from the virtual disk takes.",
      "fieldConfig": {
        "defaults": {
          "custom": {},
          "links": []
        },
        "overrides": []
      },
      "fill": 1,
      "fillGradient": 0,
      "gridPos": {
        "h": 6,
        "w": 6,
        "x": 13,
        "y": 8
      },
      "hiddenSeries": false,
      "id": 108,
      "legend": {
        "alignAsTable": false,
        "avg": false,
        "current": false,
        "max": false,
        "min": false,
        "rightSide": false,
        "show": false,
        "total": false,
        "values": false
      },
      "lines": true,
      "linewidth": 1,
      "links": [],
      "nullPointMode": "null",
      "options": {
        "alertThreshold": true
      },
      "paceLength": 10,
      "percentage": false,
      "pluginVersion": "7.3.5",
      "pointradius": 5,
      "points": false,
      "renderer": "flot",
      "seriesOverrides": [],
      "spaceLength": 10,
      "stack": false,
      "steppedLine": false,
      "targets": [
        {
          "alias": "Write - $tag_disk",
          "groupBy": [
            {
              "params": [
                "$inter"
              ],
              "type": "time"
            },
            {
              "params": [
                "disk"
              ],
              "type": "tag"
            },
            {
              "params": [
                "none"
              ],
              "type": "fill"
            }
          ],
          "measurement": "vsphere_host_disk",
          "orderByTime": "ASC",
          "policy": "default",
          "refId": "A",
          "resultFormat": "time_series",
          "select": [
            [
              {
                "params": [
                  "totalReadLatency_average"
                ],
                "type": "field"
              },
              {
                "params": [],
                "type": "last"
              }
            ]
          ],
          "tags": [
            {
              "key": "esxhostname",
              "operator": "=~",
              "value": "/^$esxi$/"
            }
          ]
        },
        {
          "alias": "Read - $tag_disk",
          "groupBy": [
            {
              "params": [
                "$inter"
              ],
              "type": "time"
            },
            {
              "params": [
                "disk"
              ],
              "type": "tag"
            },
            {
              "params": [
                "none"
              ],
              "type": "fill"
            }
          ],
          "measurement": "vsphere_host_disk",
          "orderByTime": "ASC",
          "policy": "default",
          "refId": "B",
          "resultFormat": "time_series",
          "select": [
            [
              {
                "params": [
                  "totalWriteLatency_average"
                ],
                "type": "field"
              },
              {
                "params": [],
                "type": "last"
              }
            ]
          ],
          "tags": [
            {
              "key": "esxhostname",
              "operator": "=~",
              "value": "/^$esxi$/"
            }
          ]
        }
      ],
      "thresholds": [],
      "timeFrom": null,
      "timeRegions": [],
      "timeShift": null,
      "title": "Total Disk Latency",
      "tooltip": {
        "shared": true,
        "sort": 0,
        "value_type": "individual"
      },
      "type": "graph",
      "xaxis": {
        "buckets": null,
        "mode": "time",
        "name": null,
        "show": true,
        "values": []
      },
      "yaxes": [
        {
          "$$hashKey": "object:741",
          "format": "none",
          "label": "KBps",
          "logBase": 1,
          "max": null,
          "min": null,
          "show": true
        },
        {
          "$$hashKey": "object:742",
          "format": "short",
          "label": null,
          "logBase": 1,
          "max": null,
          "min": null,
          "show": true
        }
      ],
      "yaxis": {
        "align": false,
        "alignLevel": null
      }
    },
    {
      "aliasColors": {},
      "bars": false,
      "dashLength": 10,
      "dashes": false,
      "datasource": "DS_INFLUXDB",
      "description": "The average time a read, or write, from the datastore takes.",
      "fieldConfig": {
        "defaults": {
          "custom": {},
          "links": []
        },
        "overrides": []
      },
      "fill": 1,
      "fillGradient": 0,
      "gridPos": {
        "h": 6,
        "w": 5,
        "x": 19,
        "y": 8
      },
      "hiddenSeries": false,
      "id": 109,
      "legend": {
        "alignAsTable": false,
        "avg": false,
        "current": false,
        "max": false,
        "min": false,
        "rightSide": false,
        "show": true,
        "total": false,
        "values": false
      },
      "lines": true,
      "linewidth": 1,
      "links": [],
      "nullPointMode": "null",
      "options": {
        "alertThreshold": true
      },
      "paceLength": 10,
      "percentage": false,
      "pluginVersion": "7.3.5",
      "pointradius": 5,
      "points": false,
      "renderer": "flot",
      "seriesOverrides": [],
      "spaceLength": 10,
      "stack": false,
      "steppedLine": false,
      "targets": [
        {
          "alias": "$tag_adapter Read",
          "groupBy": [
            {
              "params": [
                "$inter"
              ],
              "type": "time"
            },
            {
              "params": [
                "adapter"
              ],
              "type": "tag"
            },
            {
              "params": [
                "none"
              ],
              "type": "fill"
            }
          ],
          "measurement": "vsphere_host_storageAdapter",
          "orderByTime": "ASC",
          "policy": "default",
          "refId": "A",
          "resultFormat": "time_series",
          "select": [
            [
              {
                "params": [
                  "numberReadAveraged_average"
                ],
                "type": "field"
              },
              {
                "params": [],
                "type": "last"
              }
            ]
          ],
          "tags": [
            {
              "key": "esxhostname",
              "operator": "=~",
              "value": "/^$esxi$/"
            }
          ]
        },
        {
          "alias": "$tag_adapter Write",
          "groupBy": [
            {
              "params": [
                "$inter"
              ],
              "type": "time"
            },
            {
              "params": [
                "adapter"
              ],
              "type": "tag"
            },
            {
              "params": [
                "none"
              ],
              "type": "fill"
            }
          ],
          "measurement": "vsphere_host_storageAdapter",
          "orderByTime": "ASC",
          "policy": "default",
          "refId": "B",
          "resultFormat": "time_series",
          "select": [
            [
              {
                "params": [
                  "numberWriteAveraged_average"
                ],
                "type": "field"
              },
              {
                "params": [],
                "type": "last"
              }
            ]
          ],
          "tags": [
            {
              "key": "esxhostname",
              "operator": "=~",
              "value": "/^$esxi$/"
            }
          ]
        }
      ],
      "thresholds": [],
      "timeFrom": null,
      "timeRegions": [],
      "timeShift": null,
      "title": "Storage Adapter IOPS",
      "tooltip": {
        "shared": true,
        "sort": 0,
        "value_type": "individual"
      },
      "type": "graph",
      "xaxis": {
        "buckets": null,
        "mode": "time",
        "name": null,
        "show": true,
        "values": []
      },
      "yaxes": [
        {
          "$$hashKey": "object:886",
          "format": "short",
          "label": "IOPS",
          "logBase": 1,
          "max": null,
          "min": null,
          "show": true
        },
        {
          "$$hashKey": "object:887",
          "format": "short",
          "label": null,
          "logBase": 1,
          "max": null,
          "min": null,
          "show": true
        }
      ],
      "yaxis": {
        "align": false,
        "alignLevel": null
      }
    },
    {
      "collapsed": true,
      "datasource": "DS_INFLUXDB",
      "gridPos": {
        "h": 1,
        "w": 24,
        "x": 0,
        "y": 56
      },
      "id": 102,
      "panels": [
        {
          "cacheTimeout": null,
          "datasource": "DS_INFLUXDB",
          "fieldConfig": {
            "defaults": {
              "custom": {},
              "decimals": 1,
              "mappings": [
                {
                  "id": 0,
                  "op": "=",
                  "text": "N/A",
                  "type": 1,
                  "value": "null"
                }
              ],
              "nullValueMode": "connected",
              "thresholds": {
                "mode": "absolute",
                "steps": [
                  {
                    "color": "dark-blue",
                    "value": null
                  }
                ]
              },
              "unit": "s"
            },
            "overrides": [
              {
                "matcher": {
                  "id": "byName",
                  "options": "CPU Usage MHz"
                },
                "properties": [
                  {
                    "id": "unit",
                    "value": "none"
                  },
                  {
                    "id": "decimals",
                    "value": 0
                  }
                ]
              },
              {
                "matcher": {
                  "id": "byName",
                  "options": "RAM Usage"
                },
                "properties": [
                  {
                    "id": "unit",
                    "value": "deckbytes"
                  },
                  {
                    "id": "decimals",
                    "value": 2
                  }
                ]
              },
              {
                "matcher": {
                  "id": "byName",
                  "options": "CPU Usage %"
                },
                "properties": [
                  {
                    "id": "unit",
                    "value": "percent"
                  },
                  {
                    "id": "thresholds",
                    "value": {
                      "mode": "absolute",
                      "steps": [
                        {
                          "color": "dark-green",
                          "value": null
                        },
                        {
                          "color": "dark-yellow",
                          "value": 75
                        },
                        {
                          "color": "dark-red",
                          "value": 90
                        }
                      ]
                    }
                  },
                  {
                    "id": "decimals",
                    "value": 2
                  }
                ]
              },
              {
                "matcher": {
                  "id": "byName",
                  "options": "RAM Usage %"
                },
                "properties": [
                  {
                    "id": "unit",
                    "value": "percent"
                  },
                  {
                    "id": "thresholds",
                    "value": {
                      "mode": "absolute",
                      "steps": [
                        {
                          "color": "dark-green",
                          "value": null
                        },
                        {
                          "color": "yellow",
                          "value": 75
                        },
                        {
                          "color": "dark-red",
                          "value": 90
                        }
                      ]
                    }
                  },
                  {
                    "id": "decimals",
                    "value": 2
                  }
                ]
              },
              {
                "matcher": {
                  "id": "byName",
                  "options": "CPU Temperature"
                },
                "properties": [
                  {
                    "id": "unit",
                    "value": "celsius"
                  },
                  {
                    "id": "thresholds",
                    "value": {
                      "mode": "absolute",
                      "steps": [
                        {
                          "color": "dark-green",
                          "value": null
                        },
                        {
                          "color": "dark-orange",
                          "value": 80
                        },
                        {
                          "color": "dark-red",
                          "value": 85
                        }
                      ]
                    }
                  },
                  {
                    "id": "noValue",
                    "value": "No Data"
                  }
                ]
              }
            ]
          },
          "gridPos": {
            "h": 7,
            "w": 8,
            "x": 0,
            "y": 6
          },
          "id": 103,
          "interval": null,
          "links": [],
          "maxDataPoints": 100,
          "options": {
            "colorMode": "background",
            "fieldOptions": {
              "calcs": [
                "mean"
              ]
            },
            "graphMode": "none",
            "justifyMode": "auto",
            "orientation": "auto",
            "reduceOptions": {
              "calcs": [
                "lastNotNull"
              ],
              "fields": "",
              "values": false
            },
            "textMode": "value_and_name"
          },
          "pluginVersion": "7.3.5",
          "scopedVars": {
            "esxiarm": {
              "selected": false,
              "text": "esxi-zlon-rpi-001.jorgedelacruz.es",
              "value": "esxi-zlon-rpi-001.jorgedelacruz.es"
            }
          },
          "targets": [
            {
              "alias": "Uptime",
              "groupBy": [
                {
                  "params": [
                    "$__interval"
                  ],
                  "type": "time"
                },
                {
                  "params": [
                    "null"
                  ],
                  "type": "fill"
                }
              ],
              "measurement": "vsphere_host_sys",
              "orderByTime": "ASC",
              "policy": "default",
              "refId": "A",
              "resultFormat": "time_series",
              "select": [
                [
                  {
                    "params": [
                      "uptime_latest"
                    ],
                    "type": "field"
                  },
                  {
                    "params": [],
                    "type": "mean"
                  }
                ]
              ],
              "tags": [
                {
                  "key": "esxhostname",
                  "operator": "=~",
                  "value": "/^$esxi$/"
                }
              ]
            },
            {
              "alias": "CPU Usage MHz",
              "groupBy": [
                {
                  "params": [
                    "$__interval"
                  ],
                  "type": "time"
                },
                {
                  "params": [
                    "null"
                  ],
                  "type": "fill"
                }
              ],
              "measurement": "vsphere_host_cpu",
              "orderByTime": "ASC",
              "policy": "default",
              "refId": "B",
              "resultFormat": "time_series",
              "select": [
                [
                  {
                    "params": [
                      "usagemhz_average"
                    ],
                    "type": "field"
                  },
                  {
                    "params": [],
                    "type": "mean"
                  }
                ]
              ],
              "tags": [
                {
                  "key": "esxhostname",
                  "operator": "=~",
                  "value": "/^$esxi$/"
                }
              ]
            },
            {
              "alias": "RAM Usage",
              "groupBy": [
                {
                  "params": [
                    "$__interval"
                  ],
                  "type": "time"
                },
                {
                  "params": [
                    "null"
                  ],
                  "type": "fill"
                }
              ],
              "measurement": "vsphere_host_mem",
              "orderByTime": "ASC",
              "policy": "default",
              "query": "SELECT last(\"totalCapacity_average\") * (last(\"usage_average\")) / 100 * 1024 FROM \"vsphere_host_mem\" WHERE (\"esxhostname\" =~ /^$esxi$/) AND $timeFilter GROUP BY time($__interval) fill(none)",
              "rawQuery": true,
              "refId": "C",
              "resultFormat": "time_series",
              "select": [
                [
                  {
                    "params": [
                      "active_average"
                    ],
                    "type": "field"
                  },
                  {
                    "params": [],
                    "type": "last"
                  }
                ]
              ],
              "tags": [
                {
                  "key": "esxhostname",
                  "operator": "=~",
                  "value": "/^$esxi$/"
                }
              ]
            },
            {
              "alias": "CPU Usage %",
              "groupBy": [
                {
                  "params": [
                    "$__interval"
                  ],
                  "type": "time"
                },
                {
                  "params": [
                    "null"
                  ],
                  "type": "fill"
                }
              ],
              "measurement": "vsphere_host_cpu",
              "orderByTime": "ASC",
              "policy": "default",
              "refId": "E",
              "resultFormat": "time_series",
              "select": [
                [
                  {
                    "params": [
                      "usage_average"
                    ],
                    "type": "field"
                  },
                  {
                    "params": [],
                    "type": "mean"
                  }
                ]
              ],
              "tags": [
                {
                  "key": "esxhostname",
                  "operator": "=~",
                  "value": "/^$esxi$/"
                }
              ]
            },
            {
              "alias": "RAM Usage %",
              "groupBy": [
                {
                  "params": [
                    "$__interval"
                  ],
                  "type": "time"
                },
                {
                  "params": [
                    "null"
                  ],
                  "type": "fill"
                }
              ],
              "measurement": "vsphere_host_mem",
              "orderByTime": "ASC",
              "policy": "default",
              "refId": "D",
              "resultFormat": "time_series",
              "select": [
                [
                  {
                    "params": [
                      "usage_average"
                    ],
                    "type": "field"
                  },
                  {
                    "params": [],
                    "type": "mean"
                  }
                ]
              ],
              "tags": [
                {
                  "key": "esxhostname",
                  "operator": "=~",
                  "value": "/^$esxi$/"
                }
              ]
            },
            {
              "alias": "CPU Temperature",
              "groupBy": [
                {
                  "params": [
                    "$__interval"
                  ],
                  "type": "time"
                },
                {
                  "params": [
                    "none"
                  ],
                  "type": "fill"
                }
              ],
              "measurement": "vsphere_esxi_arm",
              "orderByTime": "ASC",
              "policy": "default",
              "refId": "F",
              "resultFormat": "time_series",
              "select": [
                [
                  {
                    "params": [
                      "boardtemp"
                    ],
                    "type": "field"
                  },
                  {
                    "params": [],
                    "type": "last"
                  }
                ]
              ],
              "tags": [
                {
                  "key": "hostname",
                  "operator": "=~",
                  "value": "/^$esxiarm$/"
                }
              ]
            }
          ],
          "title": "ESXi VM Quick Overview",
          "type": "stat"
        },
        {
          "aliasColors": {},
          "bars": false,
          "dashLength": 10,
          "dashes": false,
          "datasource": "DS_INFLUXDB",
          "description": "CPU usage as a percentage during the interval.",
          "fieldConfig": {
            "defaults": {
              "custom": {},
              "links": []
            },
            "overrides": []
          },
          "fill": 8,
          "fillGradient": 7,
          "gridPos": {
            "h": 7,
            "w": 6,
            "x": 8,
            "y": 6
          },
          "hiddenSeries": false,
          "id": 104,
          "legend": {
            "alignAsTable": false,
            "avg": false,
            "current": false,
            "hideEmpty": true,
            "hideZero": true,
            "max": false,
            "min": false,
            "rightSide": false,
            "show": false,
            "total": false,
            "values": false
          },
          "lines": true,
          "linewidth": 3,
          "links": [],
          "nullPointMode": "null",
          "options": {
            "alertThreshold": true
          },
          "paceLength": 10,
          "percentage": false,
          "pluginVersion": "7.3.5",
          "pointradius": 5,
          "points": false,
          "renderer": "flot",
          "scopedVars": {
            "esxiarm": {
              "selected": false,
              "text": "esxi-zlon-rpi-001.jorgedelacruz.es",
              "value": "esxi-zlon-rpi-001.jorgedelacruz.es"
            }
          },
          "seriesOverrides": [],
          "spaceLength": 10,
          "stack": false,
          "steppedLine": false,
          "targets": [
            {
              "alias": "CPU usage % $tag_cpu",
              "groupBy": [
                {
                  "params": [
                    "20s"
                  ],
                  "type": "time"
                },
                {
                  "params": [
                    "cpu"
                  ],
                  "type": "tag"
                },
                {
                  "params": [
                    "none"
                  ],
                  "type": "fill"
                }
              ],
              "measurement": "vsphere_host_cpu",
              "orderByTime": "ASC",
              "policy": "default",
              "refId": "A",
              "resultFormat": "time_series",
              "select": [
                [
                  {
                    "params": [
                      "usage_average"
                    ],
                    "type": "field"
                  },
                  {
                    "params": [],
                    "type": "last"
                  }
                ]
              ],
              "tags": [
                {
                  "key": "esxhostname",
                  "operator": "=~",
                  "value": "/^$esxi$/"
                }
              ]
            }
          ],
          "thresholds": [],
          "timeFrom": null,
          "timeRegions": [],
          "timeShift": null,
          "title": "CPU Utilization Avg %",
          "tooltip": {
            "shared": true,
            "sort": 2,
            "value_type": "individual"
          },
          "type": "graph",
          "xaxis": {
            "buckets": null,
            "mode": "time",
            "name": null,
            "show": true,
            "values": []
          },
          "yaxes": [
            {
              "$$hashKey": "object:676",
              "decimals": null,
              "format": "percent",
              "label": "CPU Utilization %",
              "logBase": 1,
              "max": "100",
              "min": null,
              "show": true
            },
            {
              "$$hashKey": "object:677",
              "format": "short",
              "label": null,
              "logBase": 1,
              "max": null,
              "min": null,
              "show": false
            }
          ],
          "yaxis": {
            "align": false,
            "alignLevel": null
          }
        },
        {
          "aliasColors": {},
          "bars": false,
          "dashLength": 10,
          "dashes": false,
          "datasource": "DS_INFLUXDB",
          "fieldConfig": {
            "defaults": {
              "custom": {},
              "links": []
            },
            "overrides": []
          },
          "fill": 1,
          "fillGradient": 0,
          "gridPos": {
            "h": 7,
            "w": 5,
            "x": 14,
            "y": 6
          },
          "hiddenSeries": false,
          "id": 105,
          "legend": {
            "alignAsTable": false,
            "avg": false,
            "current": false,
            "max": false,
            "min": false,
            "rightSide": false,
            "show": true,
            "total": false,
            "values": false
          },
          "lines": true,
          "linewidth": 2,
          "links": [],
          "nullPointMode": "null",
          "options": {
            "alertThreshold": true
          },
          "paceLength": 10,
          "percentage": false,
          "pluginVersion": "7.3.5",
          "pointradius": 5,
          "points": false,
          "renderer": "flot",
          "scopedVars": {
            "esxiarm": {
              "selected": false,
              "text": "esxi-zlon-rpi-001.jorgedelacruz.es",
              "value": "esxi-zlon-rpi-001.jorgedelacruz.es"
            }
          },
          "seriesOverrides": [
            {
              "$$hashKey": "object:815",
              "alias": "RAM usage %",
              "color": "rgb(133, 177, 236)"
            }
          ],
          "spaceLength": 10,
          "stack": false,
          "steppedLine": false,
          "targets": [
            {
              "alias": "RAM usage %",
              "groupBy": [
                {
                  "params": [
                    "20s"
                  ],
                  "type": "time"
                },
                {
                  "params": [
                    "none"
                  ],
                  "type": "fill"
                }
              ],
              "measurement": "vsphere_host_mem",
              "orderByTime": "ASC",
              "policy": "default",
              "refId": "B",
              "resultFormat": "time_series",
              "select": [
                [
                  {
                    "params": [
                      "usage_average"
                    ],
                    "type": "field"
                  },
                  {
                    "params": [],
                    "type": "last"
                  }
                ]
              ],
              "tags": [
                {
                  "key": "esxhostname",
                  "operator": "=~",
                  "value": "/^$esxi$/"
                }
              ]
            }
          ],
          "thresholds": [],
          "timeFrom": null,
          "timeRegions": [],
          "timeShift": null,
          "title": "RAM Utilization",
          "tooltip": {
            "shared": true,
            "sort": 0,
            "value_type": "individual"
          },
          "type": "graph",
          "xaxis": {
            "buckets": null,
            "mode": "time",
            "name": null,
            "show": true,
            "values": []
          },
          "yaxes": [
            {
              "$$hashKey": "object:263",
              "decimals": 1,
              "format": "percent",
              "label": "RAM Usage in %",
              "logBase": 1,
              "max": "100",
              "min": null,
              "show": true
            },
            {
              "$$hashKey": "object:264",
              "format": "percent",
              "label": "",
              "logBase": 1,
              "max": "100",
              "min": null,
              "show": false
            }
          ],
          "yaxis": {
            "align": false,
            "alignLevel": null
          }
        },
        {
          "aliasColors": {},
          "bars": false,
          "dashLength": 10,
          "dashes": false,
          "datasource": "DS_INFLUXDB",
          "description": "CPU Temperature",
          "fieldConfig": {
            "defaults": {
              "custom": {},
              "links": [],
              "unit": "celsius"
            },
            "overrides": []
          },
          "fill": 8,
          "fillGradient": 7,
          "gridPos": {
            "h": 7,
            "w": 5,
            "x": 19,
            "y": 6
          },
          "hiddenSeries": false,
          "id": 110,
          "legend": {
            "alignAsTable": false,
            "avg": false,
            "current": false,
            "hideEmpty": true,
            "hideZero": true,
            "max": false,
            "min": false,
            "rightSide": false,
            "show": false,
            "total": false,
            "values": false
          },
          "lines": true,
          "linewidth": 3,
          "links": [],
          "nullPointMode": "null",
          "options": {
            "alertThreshold": true
          },
          "paceLength": 10,
          "percentage": false,
          "pluginVersion": "7.3.5",
          "pointradius": 5,
          "points": false,
          "renderer": "flot",
          "scopedVars": {
            "esxiarm": {
              "selected": false,
              "text": "esxi-zlon-rpi-001.jorgedelacruz.es",
              "value": "esxi-zlon-rpi-001.jorgedelacruz.es"
            }
          },
          "seriesOverrides": [
            {
              "$$hashKey": "object:2948",
              "alias": "CPU Temperature",
              "color": "#8F3BB8"
            }
          ],
          "spaceLength": 10,
          "stack": false,
          "steppedLine": false,
          "targets": [
            {
              "alias": "CPU Temperature",
              "groupBy": [
                {
                  "params": [
                    "$__interval"
                  ],
                  "type": "time"
                },
                {
                  "params": [
                    "none"
                  ],
                  "type": "fill"
                }
              ],
              "measurement": "vsphere_esxi_arm",
              "orderByTime": "ASC",
              "policy": "default",
              "refId": "A",
              "resultFormat": "time_series",
              "select": [
                [
                  {
                    "params": [
                      "boardtemp"
                    ],
                    "type": "field"
                  },
                  {
                    "params": [],
                    "type": "last"
                  }
                ]
              ],
              "tags": [
                {
                  "key": "hostname",
                  "operator": "=~",
                  "value": "/^$esxiarm$/"
                }
              ]
            }
          ],
          "thresholds": [],
          "timeFrom": null,
          "timeRegions": [],
          "timeShift": null,
          "title": "CPU Temperature",
          "tooltip": {
            "shared": false,
            "sort": 2,
            "value_type": "individual"
          },
          "type": "graph",
          "xaxis": {
            "buckets": null,
            "mode": "time",
            "name": null,
            "show": true,
            "values": []
          },
          "yaxes": [
            {
              "$$hashKey": "object:676",
              "decimals": 0,
              "format": "celsius",
              "label": "CPU Temperature in Celsius",
              "logBase": 1,
              "max": null,
              "min": null,
              "show": true
            },
            {
              "$$hashKey": "object:677",
              "format": "short",
              "label": null,
              "logBase": 1,
              "max": null,
              "min": null,
              "show": false
            }
          ],
          "yaxis": {
            "align": false,
            "alignLevel": null
          }
        },
        {
          "aliasColors": {},
          "bars": false,
          "dashLength": 10,
          "dashes": false,
          "datasource": "DS_INFLUXDB",
          "decimals": null,
          "description": "Network utilization (combined transmit-rates and receive-rates) during the interval.",
          "fieldConfig": {
            "defaults": {
              "custom": {},
              "links": []
            },
            "overrides": []
          },
          "fill": 5,
          "fillGradient": 0,
          "gridPos": {
            "h": 6,
            "w": 8,
            "x": 0,
            "y": 13
          },
          "hiddenSeries": false,
          "id": 99,
          "legend": {
            "alignAsTable": true,
            "avg": false,
            "current": true,
            "hideEmpty": true,
            "hideZero": true,
            "max": true,
            "min": true,
            "rightSide": true,
            "show": true,
            "total": false,
            "values": true
          },
          "lines": true,
          "linewidth": 2,
          "links": [],
          "nullPointMode": "null",
          "options": {
            "alertThreshold": true
          },
          "paceLength": 10,
          "percentage": false,
          "pluginVersion": "7.3.5",
          "pointradius": 5,
          "points": false,
          "renderer": "flot",
          "scopedVars": {
            "esxiarm": {
              "selected": false,
              "text": "esxi-zlon-rpi-001.jorgedelacruz.es",
              "value": "esxi-zlon-rpi-001.jorgedelacruz.es"
            }
          },
          "seriesOverrides": [],
          "spaceLength": 10,
          "stack": false,
          "steppedLine": false,
          "targets": [
            {
              "alias": "$tag_interface bytesRx",
              "groupBy": [
                {
                  "params": [
                    "20s"
                  ],
                  "type": "time"
                },
                {
                  "params": [
                    "interface"
                  ],
                  "type": "tag"
                },
                {
                  "params": [
                    "none"
                  ],
                  "type": "fill"
                }
              ],
              "measurement": "vsphere_host_net",
              "orderByTime": "ASC",
              "policy": "default",
              "refId": "A",
              "resultFormat": "time_series",
              "select": [
                [
                  {
                    "params": [
                      "bytesRx_average"
                    ],
                    "type": "field"
                  },
                  {
                    "params": [],
                    "type": "last"
                  }
                ]
              ],
              "tags": [
                {
                  "key": "esxhostname",
                  "operator": "=~",
                  "value": "/^$esxi$/"
                }
              ]
            },
            {
              "alias": "$tag_interface bytesTx",
              "groupBy": [
                {
                  "params": [
                    "20s"
                  ],
                  "type": "time"
                },
                {
                  "params": [
                    "interface"
                  ],
                  "type": "tag"
                },
                {
                  "params": [
                    "none"
                  ],
                  "type": "fill"
                }
              ],
              "measurement": "vsphere_host_net",
              "orderByTime": "ASC",
              "policy": "default",
              "refId": "B",
              "resultFormat": "time_series",
              "select": [
                [
                  {
                    "params": [
                      "bytesTx_average"
                    ],
                    "type": "field"
                  },
                  {
                    "params": [],
                    "type": "last"
                  }
                ]
              ],
              "tags": [
                {
                  "key": "esxhostname",
                  "operator": "=~",
                  "value": "/^$esxi$/"
                }
              ]
            }
          ],
          "thresholds": [],
          "timeFrom": null,
          "timeRegions": [],
          "timeShift": null,
          "title": "Network Usage",
          "tooltip": {
            "shared": true,
            "sort": 0,
            "value_type": "individual"
          },
          "type": "graph",
          "xaxis": {
            "buckets": null,
            "mode": "time",
            "name": null,
            "show": true,
            "values": []
          },
          "yaxes": [
            {
              "$$hashKey": "object:594",
              "format": "KBs",
              "label": "Network Usage",
              "logBase": 1,
              "max": null,
              "min": null,
              "show": true
            },
            {
              "$$hashKey": "object:595",
              "format": "short",
              "label": null,
              "logBase": 1,
              "max": null,
              "min": null,
              "show": true
            }
          ],
          "yaxis": {
            "align": false,
            "alignLevel": null
          }
        },
        {
          "aliasColors": {},
          "bars": false,
          "dashLength": 10,
          "dashes": false,
          "datasource": "DS_INFLUXDB",
          "description": "The average time a read, or write, from the virtual disk takes.",
          "fieldConfig": {
            "defaults": {
              "custom": {},
              "links": []
            },
            "overrides": []
          },
          "fill": 1,
          "fillGradient": 0,
          "gridPos": {
            "h": 6,
            "w": 6,
            "x": 8,
            "y": 13
          },
          "hiddenSeries": false,
          "id": 98,
          "legend": {
            "alignAsTable": false,
            "avg": false,
            "current": false,
            "max": false,
            "min": false,
            "rightSide": false,
            "show": false,
            "total": false,
            "values": false
          },
          "lines": true,
          "linewidth": 1,
          "links": [],
          "nullPointMode": "null",
          "options": {
            "alertThreshold": true
          },
          "paceLength": 10,
          "percentage": false,
          "pluginVersion": "7.3.5",
          "pointradius": 5,
          "points": false,
          "renderer": "flot",
          "scopedVars": {
            "esxiarm": {
              "selected": false,
              "text": "esxi-zlon-rpi-001.jorgedelacruz.es",
              "value": "esxi-zlon-rpi-001.jorgedelacruz.es"
            }
          },
          "seriesOverrides": [],
          "spaceLength": 10,
          "stack": false,
          "steppedLine": false,
          "targets": [
            {
              "alias": "Write - $tag_disk",
              "groupBy": [
                {
                  "params": [
                    "20s"
                  ],
                  "type": "time"
                },
                {
                  "params": [
                    "disk"
                  ],
                  "type": "tag"
                },
                {
                  "params": [
                    "none"
                  ],
                  "type": "fill"
                }
              ],
              "measurement": "vsphere_host_disk",
              "orderByTime": "ASC",
              "policy": "default",
              "refId": "A",
              "resultFormat": "time_series",
              "select": [
                [
                  {
                    "params": [
                      "totalReadLatency_average"
                    ],
                    "type": "field"
                  },
                  {
                    "params": [],
                    "type": "last"
                  }
                ]
              ],
              "tags": [
                {
                  "key": "esxhostname",
                  "operator": "=~",
                  "value": "/^$esxi$/"
                }
              ]
            },
            {
              "alias": "Read - $tag_disk",
              "groupBy": [
                {
                  "params": [
                    "20s"
                  ],
                  "type": "time"
                },
                {
                  "params": [
                    "disk"
                  ],
                  "type": "tag"
                },
                {
                  "params": [
                    "none"
                  ],
                  "type": "fill"
                }
              ],
              "measurement": "vsphere_host_disk",
              "orderByTime": "ASC",
              "policy": "default",
              "refId": "B",
              "resultFormat": "time_series",
              "select": [
                [
                  {
                    "params": [
                      "totalWriteLatency_average"
                    ],
                    "type": "field"
                  },
                  {
                    "params": [],
                    "type": "last"
                  }
                ]
              ],
              "tags": [
                {
                  "key": "esxhostname",
                  "operator": "=~",
                  "value": "/^$esxi$/"
                }
              ]
            }
          ],
          "thresholds": [],
          "timeFrom": null,
          "timeRegions": [],
          "timeShift": null,
          "title": "Total Disk Latency",
          "tooltip": {
            "shared": true,
            "sort": 0,
            "value_type": "individual"
          },
          "type": "graph",
          "xaxis": {
            "buckets": null,
            "mode": "time",
            "name": null,
            "show": true,
            "values": []
          },
          "yaxes": [
            {
              "$$hashKey": "object:741",
              "format": "none",
              "label": "KBps",
              "logBase": 1,
              "max": null,
              "min": null,
              "show": true
            },
            {
              "$$hashKey": "object:742",
              "format": "short",
              "label": null,
              "logBase": 1,
              "max": null,
              "min": null,
              "show": true
            }
          ],
          "yaxis": {
            "align": false,
            "alignLevel": null
          }
        },
        {
          "aliasColors": {},
          "bars": false,
          "dashLength": 10,
          "dashes": false,
          "datasource": "DS_INFLUXDB",
          "description": "The average time a read, or write, from the datastore takes.",
          "fieldConfig": {
            "defaults": {
              "custom": {},
              "links": []
            },
            "overrides": []
          },
          "fill": 1,
          "fillGradient": 0,
          "gridPos": {
            "h": 6,
            "w": 5,
            "x": 14,
            "y": 13
          },
          "hiddenSeries": false,
          "id": 100,
          "legend": {
            "alignAsTable": false,
            "avg": false,
            "current": false,
            "max": false,
            "min": false,
            "rightSide": false,
            "show": true,
            "total": false,
            "values": false
          },
          "lines": true,
          "linewidth": 1,
          "links": [],
          "nullPointMode": "null",
          "options": {
            "alertThreshold": true
          },
          "paceLength": 10,
          "percentage": false,
          "pluginVersion": "7.3.5",
          "pointradius": 5,
          "points": false,
          "renderer": "flot",
          "scopedVars": {
            "esxiarm": {
              "selected": false,
              "text": "esxi-zlon-rpi-001.jorgedelacruz.es",
              "value": "esxi-zlon-rpi-001.jorgedelacruz.es"
            }
          },
          "seriesOverrides": [],
          "spaceLength": 10,
          "stack": false,
          "steppedLine": false,
          "targets": [
            {
              "alias": "$tag_adapter Read",
              "groupBy": [
                {
                  "params": [
                    "20s"
                  ],
                  "type": "time"
                },
                {
                  "params": [
                    "adapter"
                  ],
                  "type": "tag"
                },
                {
                  "params": [
                    "none"
                  ],
                  "type": "fill"
                }
              ],
              "measurement": "vsphere_host_storageAdapter",
              "orderByTime": "ASC",
              "policy": "default",
              "refId": "A",
              "resultFormat": "time_series",
              "select": [
                [
                  {
                    "params": [
                      "numberReadAveraged_average"
                    ],
                    "type": "field"
                  },
                  {
                    "params": [],
                    "type": "last"
                  }
                ]
              ],
              "tags": [
                {
                  "key": "esxhostname",
                  "operator": "=~",
                  "value": "/^$esxi$/"
                }
              ]
            },
            {
              "alias": "$tag_adapter Write",
              "groupBy": [
                {
                  "params": [
                    "20s"
                  ],
                  "type": "time"
                },
                {
                  "params": [
                    "adapter"
                  ],
                  "type": "tag"
                },
                {
                  "params": [
                    "none"
                  ],
                  "type": "fill"
                }
              ],
              "measurement": "vsphere_host_storageAdapter",
              "orderByTime": "ASC",
              "policy": "default",
              "refId": "B",
              "resultFormat": "time_series",
              "select": [
                [
                  {
                    "params": [
                      "numberWriteAveraged_average"
                    ],
                    "type": "field"
                  },
                  {
                    "params": [],
                    "type": "last"
                  }
                ]
              ],
              "tags": [
                {
                  "key": "esxhostname",
                  "operator": "=~",
                  "value": "/^$esxi$/"
                }
              ]
            }
          ],
          "thresholds": [],
          "timeFrom": null,
          "timeRegions": [],
          "timeShift": null,
          "title": "Storage Adapter IOPS",
          "tooltip": {
            "shared": true,
            "sort": 0,
            "value_type": "individual"
          },
          "type": "graph",
          "xaxis": {
            "buckets": null,
            "mode": "time",
            "name": null,
            "show": true,
            "values": []
          },
          "yaxes": [
            {
              "$$hashKey": "object:886",
              "format": "short",
              "label": "IOPS",
              "logBase": 1,
              "max": null,
              "min": null,
              "show": true
            },
            {
              "$$hashKey": "object:887",
              "format": "short",
              "label": null,
              "logBase": 1,
              "max": null,
              "min": null,
              "show": true
            }
          ],
          "yaxis": {
            "align": false,
            "alignLevel": null
          }
        },
        {
          "aliasColors": {},
          "bars": false,
          "dashLength": 10,
          "dashes": false,
          "datasource": "DS_INFLUXDB",
          "description": "Time that the virtual machine was ready, but could not get scheduled to run on the physical CPU during last measurement interval.",
          "fieldConfig": {
            "defaults": {
              "custom": {},
              "links": []
            },
            "overrides": []
          },
          "fill": 1,
          "fillGradient": 0,
          "gridPos": {
            "h": 6,
            "w": 5,
            "x": 19,
            "y": 13
          },
          "hiddenSeries": false,
          "id": 92,
          "legend": {
            "alignAsTable": false,
            "avg": false,
            "current": false,
            "max": false,
            "min": false,
            "rightSide": false,
            "show": false,
            "total": false,
            "values": false
          },
          "lines": true,
          "linewidth": 2,
          "links": [],
          "nullPointMode": "null",
          "options": {
            "alertThreshold": true
          },
          "paceLength": 10,
          "percentage": false,
          "pluginVersion": "7.3.5",
          "pointradius": 5,
          "points": false,
          "renderer": "flot",
          "scopedVars": {
            "esxiarm": {
              "selected": false,
              "text": "esxi-zlon-rpi-001.jorgedelacruz.es",
              "value": "esxi-zlon-rpi-001.jorgedelacruz.es"
            }
          },
          "seriesOverrides": [
            {
              "$$hashKey": "object:944",
              "alias": "CPU Ready",
              "color": "#C4162A"
            }
          ],
          "spaceLength": 10,
          "stack": false,
          "steppedLine": false,
          "targets": [
            {
              "alias": "CPU Ready",
              "groupBy": [
                {
                  "params": [
                    "20s"
                  ],
                  "type": "time"
                },
                {
                  "params": [
                    "none"
                  ],
                  "type": "fill"
                }
              ],
              "measurement": "vsphere_host_cpu",
              "orderByTime": "ASC",
              "policy": "default",
              "refId": "A",
              "resultFormat": "time_series",
              "select": [
                [
                  {
                    "params": [
                      "ready_summation"
                    ],
                    "type": "field"
                  },
                  {
                    "params": [],
                    "type": "last"
                  }
                ]
              ],
              "tags": [
                {
                  "key": "esxhostname",
                  "operator": "=~",
                  "value": "/^$esxi$/"
                }
              ]
            }
          ],
          "thresholds": [],
          "timeFrom": null,
          "timeRegions": [],
          "timeShift": null,
          "title": "CPU Ready in miliseconds",
          "tooltip": {
            "shared": true,
            "sort": 0,
            "value_type": "individual"
          },
          "type": "graph",
          "xaxis": {
            "buckets": null,
            "mode": "time",
            "name": null,
            "show": true,
            "values": []
          },
          "yaxes": [
            {
              "$$hashKey": "object:928",
              "format": "none",
              "label": "ms",
              "logBase": 1,
              "max": null,
              "min": null,
              "show": true
            },
            {
              "$$hashKey": "object:929",
              "format": "short",
              "label": null,
              "logBase": 1,
              "max": null,
              "min": null,
              "show": true
            }
          ],
          "yaxis": {
            "align": false,
            "alignLevel": null
          }
        }
      ],
      "repeat": "esxiarm",
      "title": "ARM - $esxiarm",
      "type": "row"
    }
  ],
  "refresh": "5m",
  "schemaVersion": 26,
  "style": "dark",
  "tags": [
    "VMware",
    "vSphere Hosts",
    "vSphere Telegraf"
  ],
  "templating": {
    "list": [
      {
        "auto": true,
        "auto_count": 100,
        "auto_min": "20s",
        "current": {
          "selected": false,
          "text": "auto",
          "value": "$__auto_interval_inter"
        },
        "error": null,
        "hide": 0,
        "label": "Sampling",
        "name": "inter",
        "options": [
          {
            "selected": true,
            "text": "auto",
            "value": "$__auto_interval_inter"
          },
          {
            "selected": false,
            "text": "20s",
            "value": "20s"
          },
          {
            "selected": false,
            "text": "1m",
            "value": "1m"
          },
          {
            "selected": false,
            "text": "10m",
            "value": "10m"
          },
          {
            "selected": false,
            "text": "30m",
            "value": "30m"
          },
          {
            "selected": false,
            "text": "1h",
            "value": "1h"
          },
          {
            "selected": false,
            "text": "6h",
            "value": "6h"
          },
          {
            "selected": false,
            "text": "12h",
            "value": "12h"
          },
          {
            "selected": false,
            "text": "1d",
            "value": "1d"
          },
          {
            "selected": false,
            "text": "7d",
            "value": "7d"
          },
          {
            "selected": false,
            "text": "14d",
            "value": "14d"
          },
          {
            "selected": false,
            "text": "30d",
            "value": "30d"
          }
        ],
        "query": "20s,1m,10m,30m,1h,6h,12h,1d,7d,14d,30d",
        "refresh": 2,
        "skipUrlSync": false,
        "type": "interval"
      },
      {
        "allValue": null,
        "current": {},
        "datasource": "DS_INFLUXDB",
        "definition": "",
        "error": null,
        "hide": 0,
        "includeAll": true,
        "label": "vCenter Server",
        "multi": true,
        "name": "vcenter",
        "options": [],
        "query": "select DISTINCT(\"vcenter\") from (select \"usage_average\",\"vcenter\" from \"vsphere_host_cpu\" WHERE $timeFilter)",
        "refresh": 2,
        "regex": "",
        "skipUrlSync": false,
        "sort": 0,
        "tagValuesQuery": "",
        "tags": [],
        "tagsQuery": "",
        "type": "query",
        "useTags": false
      },
      {
        "allValue": null,
        "current": {},
        "datasource": "DS_INFLUXDB",
        "definition": "",
        "error": null,
        "hide": 0,
        "includeAll": true,
        "label": "Cluster",
        "multi": true,
        "name": "clustername",
        "options": [],
        "query": "select DISTINCT(\"clustername\") from (select \"usage_average\",\"clustername\" from \"vsphere_host_cpu\" WHERE $timeFilter AND \"vcenter\" =~ /$vcenter/)",
        "refresh": 2,
        "regex": "",
        "skipUrlSync": false,
        "sort": 0,
        "tagValuesQuery": "",
        "tags": [],
        "tagsQuery": "",
        "type": "query",
        "useTags": false
      },
      {
        "allValue": null,
        "current": {},
        "datasource": "DS_INFLUXDB",
        "definition": "",
        "error": null,
        "hide": 0,
        "includeAll": true,
        "label": "ESXi Server",
        "multi": true,
        "name": "esxi",
        "options": [],
        "query": "select DISTINCT(\"esxhostname\") from (select \"usage_average\",\"esxhostname\" from \"vsphere_host_cpu\" WHERE $timeFilter AND \"vcenter\" =~ /$vcenter/)",
        "refresh": 2,
        "regex": "",
        "skipUrlSync": false,
        "sort": 0,
        "tagValuesQuery": "",
        "tags": [],
        "tagsQuery": "",
        "type": "query",
        "useTags": false
      },
      {
        "allValue": null,
        "current": {},
        "datasource": "DS_INFLUXDB",
        "definition": "",
        "error": null,
        "hide": 0,
        "includeAll": true,
        "label": "Datastore",
        "multi": true,
        "name": "datastore",
        "options": [],
        "query": "select DISTINCT(\"dsname\") from (select \"used_latest\",\"dsname\" from \"vsphere_datastore_disk\" WHERE $timeFilter AND \"vcenter\" =~ /$vcenter/)",
        "refresh": 2,
        "regex": "/^(?!VeeamBackup_)/",
        "skipUrlSync": false,
        "sort": 0,
        "tagValuesQuery": "",
        "tags": [],
        "tagsQuery": "",
        "type": "query",
        "useTags": false
      },
      {
        "allValue": null,
        "current": {},
        "datasource": "DS_INFLUXDB",
        "definition": "",
        "error": null,
        "hide": 0,
        "includeAll": true,
        "label": "ESXi ARM Server",
        "multi": true,
        "name": "esxiarm",
        "options": [],
        "query": "SHOW TAG VALUES FROM vsphere_esxi_arm WITH KEY=hostname",
        "refresh": 2,
        "regex": "",
        "skipUrlSync": false,
        "sort": 0,
        "tagValuesQuery": "",
        "tags": [],
        "tagsQuery": "",
        "type": "query",
        "useTags": false
      }
    ]
  },
  "time": {
    "from": "now-12h",
    "to": "now"
  },
  "timepicker": {
    "refresh_intervals": [
      "10s",
      "30s",
      "1m",
      "5m",
      "15m",
      "30m",
      "1h",
      "2h",
      "1d"
    ],
    "time_options": [
      "5m",
      "15m",
      "1h",
      "6h",
      "12h",
      "24h",
      "2d",
      "7d",
      "30d"
    ]
  },
  "timezone": "browser",
  "title": "VMware vSphere  - Hosts",
  "uid": "MxqCLP0mk",
  "version": 12
}